{"DQNprimary100.pth": [100, 0, 0], "DQNprimary1000.pth": [-365.10443957808405, 252, 1188], "DQNprimary2000.pth": [-379.64441149625515, 300, 1140], "DQNprimary3000.pth": [-301.22975150848424, 312, 1128], "DQNprimary4000.pth": [-369.300980190116, 346, 1094], "DQNprimary5000.pth": [-339.98282601827793, 323, 1117], "DQNprimary6000.pth": [-251.56957324034164, 365, 1075], "DQNprimary7000.pth": [-189.20568535813933, 341, 1099], "DQNprimary8000.pth": [-204.37754036750084, 350, 1090], "DQNprimary9000.pth": [-252.3671118217351, 402, 1038], "DQNprimary10000.pth": [-218.45883886307044, 399, 1041], "DQNprimary11000.pth": [-157.66498698741978, 401, 1039], "DQNprimary12000.pth": [-179.01373931653367, 359, 1081], "DQNprimary13000.pth": [-132.41657071005653, 399, 1041], "DQNprimary14000.pth": [-147.0940794628009, 401, 1039], "DQNprimary15000.pth": [-180.54666797868185, 416, 1024], "DQNprimary16000.pth": [-145.72107963546785, 410, 1030], "DQNprimary17000.pth": [-144.59254859662025, 416, 1024], "DQNprimary18000.pth": [-199.26025651716617, 419, 1021], "DQNprimary19000.pth": [-131.5523979827235, 431, 1009], "DQNprimary20000.pth": [-154.0133496610247, 440, 1000], "DQNprimary21000.pth": [-73.61104033376083, 461, 979], "DQNprimary22000.pth": [-117.05386735933081, 444, 996], "DQNprimary23000.pth": [-187.48286610465385, 465, 975], "DQNprimary24000.pth": [-130.14340997970336, 457, 983], "DQNprimary25000.pth": [-157.51181341720684, 478, 962], "DQNprimary26000.pth": [-4.286000747731965, 511, 929], "DQNprimary27000.pth": [-53.022518002088965, 533, 907], "DQNprimary28000.pth": [-37.543898148026635, 583, 857], "DQNprimary29000.pth": [-13.238406545334154, 594, 846], "DQNprimary30000.pth": [-40.24596712287331, 586, 854], "DQNprimary31000.pth": [-13.91632708781739, 633, 807], "DQNprimary32000.pth": [25.66256282804273, 634, 806], "DQNprimary33000.pth": [3.327788335250556, 654, 786], "DQNprimary34000.pth": [-35.48360914837606, 606, 834], "DQNprimary35000.pth": [-7.4522628086628195, 589, 851], "DQNprimary36000.pth": [-11.215349702373107, 648, 792], "DQNprimary37000.pth": [-23.83241881322055, 636, 804], "DQNprimary38000.pth": [3.71916022586948, 649, 791], "DQNprimary39000.pth": [36.82900872571739, 666, 774], "DQNprimary40000.pth": [9.01931717910005, 682, 758], "DQNprimary41000.pth": [19.939848152467675, 719, 721], "DQNprimary42000.pth": [77.94832453208815, 727, 713], "DQNprimary43000.pth": [54.79846917554603, 760, 680], "DQNprimary44000.pth": [98.70641947034909, 788, 652], "DQNprimary45000.pth": [54.47643164163857, 812, 628], "DQNprimary46000.pth": [151.1411000454574, 838, 602], "DQNprimary47000.pth": [60.81328325446793, 877, 563], "DQNprimary48000.pth": [90.39340249829021, 882, 558], "DQNprimary49000.pth": [159.091893461244, 905, 535], "DQNprimary50000.pth": [180.80171708859154, 902, 538], "DQNprimary51000.pth": [113.97886381851436, 888, 552], "DQNprimary52000.pth": [358.56298472739735, 925, 515], "DQNprimary53000.pth": [255.2170366442506, 988, 452], "DQNprimary54000.pth": [318.35758712989866, 998, 442], "DQNprimary55000.pth": [286.34027572682413, 1001, 439], "DQNprimary56000.pth": [289.39511081350787, 1043, 397], "DQNprimary57000.pth": [317.089893865015, 1027, 413], "DQNprimary58000.pth": [304.78327570746706, 1086, 354], "DQNprimary59000.pth": [301.6877484636592, 1058, 382], "DQNprimary60000.pth": [341.45029096347963, 1076, 364], "DQNprimary61000.pth": [329.2155267477192, 1080, 360], "DQNprimary62000.pth": [402.2374337939574, 1126, 314], "DQNprimary63000.pth": [403.3229810783043, 1150, 290], "DQNprimary64000.pth": [497.71177312256094, 1146, 294], "DQNprimary65000.pth": [415.4312139674027, 1149, 291], "DQNprimary71000.pth": [422.8418954077968, 729, 321], "DQNprimary72000.pth": [461.4755785223057, 745, 305], "DQNprimary73000.pth": [398.62996233355864, 747, 303], "DQNprimary74000.pth": [450.0773058380515, 751, 299], "DQNprimary75000.pth": [245.8250736585034, 71, 89], "DQNprimary76000.pth": [277.46644408687393, 71, 89], "DQNprimary77000.pth": [233.37529389787085, 66, 94], "DQNprimary78000.pth": [293.43491252556004, 83, 77], "DQNprimary79000.pth": [223.41194676577382, 74, 86], "DQNprimary80000.pth": [312.98677915678957, 89, 71], "DQNprimary81000.pth": [350.13646506511157, 96, 64], "DQNprimary82000.pth": [315.3353221579228, 95, 65], "DQNprimary83000.pth": [225.87406245608855, 93, 67], "DQNprimary84000.pth": [359.0354685843905, 101, 59], "DQNprimary85000.pth": [205.75191427151373, 95, 65], "DQNprimary86000.pth": [253.86444208694238, 824, 226], "DQNprimary87000.pth": [287.14097834657906, 805, 245], "DQNprimary88000.pth": [282.70401954984135, 793, 257], "DQNprimary89000.pth": [193.2383662714838, 816, 234], "DQNprimary66000.pth": [492.33428599941294, 706, 344], "DQNprimary67000.pth": [447.50196384299466, 705, 345], "DQNprimary68000.pth": [482.6530166969022, 710, 340], "DQNprimary69000.pth": [426.0142059770084, 696, 354], "DQNprimary70000.pth": [423.5426135913227, 732, 318], "DQNprimary90000.pth": [202.9087678362926, 810, 240], "DQNprimary91000.pth": [125.04510885355998, 821, 229], "DQNprimary92000.pth": [195.09967364712938, 744, 166]}